 ,Email,Phone
Noumsi Ibrahim,noumsiibrahim@helpinghands.cm,654857985
Doffy Empire,doffyempire@helpinghhands.cm,678945612
Fru Emmanuel,fruemmanuel@helpinghhands.cm,691234567
Aveiro Santos,aveirosantos@helpinghhands.cm,693214578
Christiano Ronaldo,cristianoronaldo@helpinghhands.cm,658741265
Mene Delice,menedelice@helpinghhands.cm,654857852
David Mpele,davidmpele@helpinghands.cm,677777777
Abdul Azis,abdulazis@helpinghands.cm,699999999
Brice Concept,briceconcept@helpinghands.cm,655555555
Freddy Ict,freddyict@helpinghands.cm,677777771
Maxime Ict,maximeict@helpinghands.cm,699999991
Eza Ict,ezaict@helpinghands.cm,655555551
Honore Karismatik,honorekarismatik@helpinghands.cm,654845218
Kameni Ict,kameniit@helpinghands.cm,625485465
Samuel Etoo,samueletoo@helpinghands.cm,625454612
Feca Foot,fecafoot@helpinghands.cm,666666666
Can Foot,canfoot@helpinghands.cm,666666616
Junior Prince,juniorprince@helpinghands.cm,652451232
Sandrine Wambo,sandrinewambo@helpinghands.cm,684512353
